{"cameraMode":{"drawMode":0,"name":"Shaded","section":"Shading Mode"},"sceneLighting":true,"audioPlay":false,"sceneViewState":{"m_AlwaysRefresh":true,"showFog":true,"showSkybox":true,"showFlares":true,"showImageEffects":true,"showParticleSystems":true,"showVisualEffectGraphs":true,"m_FxEnabled":true},"in2DMode":false,"pivot":{"x":-0.4689960479736328,"y":0.5142271518707275,"z":0.007185935974121094},"rotation":{"x":-0.15338799357414246,"y":0.16867536306381226,"z":-0.026582185178995134,"w":-0.9733024835586548},"size":4.215381145477295,"orthographic":false}